{"loss": [1.382550835609436, 0.4591957926750183, 0.27671048045158386, 0.18870896100997925, 0.1389346718788147, 0.1074414849281311, 0.09148582071065903, 0.07993922382593155, 0.06407970190048218, 0.05907025933265686], "accuracy": [0.5950921177864075, 0.8557365536689758, 0.9106195569038391, 0.9382886290550232, 0.9542784094810486, 0.9646916389465332, 0.9703819751739502, 0.9738530516624451, 0.9784622192382812, 0.9812788963317871], "val_loss": [0.5143762230873108, 0.39303818345069885, 0.29815050959587097, 0.201991006731987, 0.1773703545331955, 0.1819707602262497, 0.1561470478773117, 0.1550949513912201, 0.12895551323890686, 0.1159840002655983], "val_accuracy": [0.8379239439964294, 0.871841549873352, 0.905076265335083, 0.9330184459686279, 0.9475870728492737, 0.9438880085945129, 0.9513430595397949, 0.9532210230827332, 0.9620987772941589, 0.9687570929527283]}