{"loss": [1.3670696020126343, 0.4446229636669159, 0.2633625864982605, 0.1839769333600998, 0.13672403991222382, 0.10734570771455765, 0.08585856854915619, 0.07523510605096817, 0.06248864158987999, 0.057373300194740295], "accuracy": [0.5966000556945801, 0.860046923160553, 0.9156696796417236, 0.9404082894325256, 0.9553737640380859, 0.9649619460105896, 0.9715769290924072, 0.9755174517631531, 0.9798563122749329, 0.9818763732910156], "val_loss": [0.5422403812408447, 0.2394063025712967, 0.29803958535194397, 0.15944109857082367, 0.1688469648361206, 0.11871138960123062, 0.14875160157680511, 0.15279226005077362, 0.13647009432315826, 0.10212878882884979], "val_accuracy": [0.8290461897850037, 0.9244252443313599, 0.9035397171974182, 0.9492374062538147, 0.9480423331260681, 0.9616435170173645, 0.9541884660720825, 0.9539039134979248, 0.9592533707618713, 0.9689847230911255]}